case_id,planned_trials,successful_trials,failed_trials,goodput_mbps_n,goodput_mbps_mean,goodput_mbps_sd,goodput_mbps_min,goodput_mbps_max,elapsed_seconds_n,elapsed_seconds_mean,elapsed_seconds_sd,elapsed_seconds_min,elapsed_seconds_max,emitted_overhead_share_n,emitted_overhead_share_mean,emitted_overhead_share_sd,emitted_overhead_share_min,emitted_overhead_share_max,retransmissions_n,retransmissions_mean,retransmissions_sd,retransmissions_min,retransmissions_max,retransmission_ratio_n,retransmission_ratio_mean,retransmission_ratio_sd,retransmission_ratio_min,retransmission_ratio_max,timeouts_n,timeouts_mean,timeouts_sd,timeouts_min,timeouts_max,rtt_mean_ms_n,rtt_mean_ms_mean,rtt_mean_ms_sd,rtt_mean_ms_min,rtt_mean_ms_max,rtt_p95_ms_n,rtt_p95_ms_mean,rtt_p95_ms_sd,rtt_p95_ms_min,rtt_p95_ms_max,rtt_variation_ms_n,rtt_variation_ms_mean,rtt_variation_ms_sd,rtt_variation_ms_min,rtt_variation_ms_max,shim_drops_n,shim_drops_mean,shim_drops_sd,shim_drops_min,shim_drops_max,receiver_shim_drops_n,receiver_shim_drops_mean,receiver_shim_drops_sd,receiver_shim_drops_min,receiver_shim_drops_max,receiver_duplicate_data_n,receiver_duplicate_data_mean,receiver_duplicate_data_sd,receiver_duplicate_data_min,receiver_duplicate_data_max,receiver_out_of_order_data_n,receiver_out_of_order_data_mean,receiver_out_of_order_data_sd,receiver_out_of_order_data_min,receiver_out_of_order_data_max
"baseline-small.bin","5","5","0","5","41.188816","4.488391","34.381345","44.837766","5","0.006431","0.000759","0.005847","0.007625","5","0.073067","0.000000","0.073067","0.073067","5","0.000000","0.000000","0.000000","0.000000","5","0.000000","0.000000","0.000000","0.000000","5","0.000000","0.000000","0.000000","0.000000","5","0.499782","0.172571","0.357981","0.795525","5","0.622140","0.275953","0.386500","1.081400","5","0.009283","0.006870","0.002945","0.021003","5","0.000000","0.000000","0.000000","0.000000","5","0.000000","0.000000","0.000000","0.000000","5","0.000000","0.000000","0.000000","0.000000","5","0.000000","0.000000","0.000000","0.000000"
"baseline-large.bin","5","5","0","5","152.194099","11.469498","141.100497","169.064830","5","0.055360","0.004022","0.049618","0.059451","5","0.065926","0.000000","0.065926","0.065926","5","0.000000","0.000000","0.000000","0.000000","5","0.000000","0.000000","0.000000","0.000000","5","0.000000","0.000000","0.000000","0.000000","5","0.860669","0.082503","0.780649","0.971193","5","1.104200","0.187280","0.910100","1.323400","5","0.010802","0.006789","0.004102","0.021881","5","0.000000","0.000000","0.000000","0.000000","5","0.000000","0.000000","0.000000","0.000000","5","0.000000","0.000000","0.000000","0.000000","5","0.000000","0.000000","0.000000","0.000000"
"lossy-small.bin","5","5","0","5","6.203167","12.195858","0.486649","28.015218","5","0.316286","0.215944","0.009357","0.538672","5","0.114741","0.029143","0.073067","0.149568","5","2.400000","1.516575","0.000000","4.000000","5","0.064596","0.040161","0.000000","0.105263","5","2.400000","1.516575","0.000000","4.000000","5","0.514955","0.145076","0.347293","0.740156","5","0.681740","0.291359","0.390800","1.117600","5","0.013543","0.008276","0.004245","0.022318","5","0.800000","0.447214","0.000000","1.000000","5","1.600000","1.140175","0.000000","3.000000","5","1.600000","1.140175","0.000000","3.000000","5","5.400000","6.542171","0.000000","16.000000"
"lossy-large.bin","5","5","0","5","1.364217","0.185503","1.244660","1.693777","5","6.227456","0.721550","4.952606","6.739681","5","0.092636","0.004851","0.084935","0.096634","5","61.600000","7.956130","48.000000","67.000000","5","0.056598","0.006957","0.044693","0.061299","5","61.600000","7.956130","48.000000","67.000000","5","0.778455","0.180021","0.604271","1.047485","5","1.536320","0.738457","0.846100","2.719000","5","0.033526","0.005773","0.027163","0.040045","5","30.400000","2.509980","26.000000","32.000000","5","31.200000","5.805170","22.000000","36.000000","5","31.200000","5.805170","22.000000","36.000000","5","437.200000","78.231707","331.000000","549.000000"
"delayed-small.bin","5","5","0","5","0.863174","0.064716","0.795490","0.955600","5","0.305041","0.022421","0.274324","0.329538","5","0.073067","0.000000","0.073067","0.073067","5","0.000000","0.000000","0.000000","0.000000","5","0.000000","0.000000","0.000000","0.000000","5","0.000000","0.000000","0.000000","0.000000","5","91.124694","1.749859","89.686450","93.221578","5","110.138720","1.475492","108.700400","112.506000","5","1.601168","0.390109","1.018961","2.114068","5","0.000000","0.000000","0.000000","0.000000","5","0.000000","0.000000","0.000000","0.000000","5","0.000000","0.000000","0.000000","0.000000","5","28.600000","1.673320","26.000000","30.000000"
"delayed-large.bin","5","5","0","5","2.316564","0.029099","2.277034","2.346615","5","3.621600","0.045610","3.574769","3.684006","5","0.065926","0.000000","0.065926","0.065926","5","0.000000","0.000000","0.000000","0.000000","5","0.000000","0.000000","0.000000","0.000000","5","0.000000","0.000000","0.000000","0.000000","5","90.438050","0.310658","89.973726","90.718369","5","110.571900","0.390319","110.004500","111.080400","5","10.502741","0.259137","10.166677","10.888412","5","0.000000","0.000000","0.000000","0.000000","5","0.000000","0.000000","0.000000","0.000000","5","0.000000","0.000000","0.000000","0.000000","5","682.400000","9.289779","671.000000","695.000000"
"short-timeout-small","5","5","0","5","0.870546","0.034968","0.818924","0.917428","5","0.301519","0.012244","0.285738","0.320108","5","0.748215","0.004125","0.743688","0.752694","5","91.600000","2.073644","89.000000","94.000000","5","0.729240","0.004481","0.723577","0.734375","5","91.600000","2.073644","89.000000","94.000000","0","NA","NA","NA","NA","0","NA","NA","NA","NA","0","NA","NA","NA","NA","5","0.000000","0.000000","0.000000","0.000000","5","0.000000","0.000000","0.000000","0.000000","5","86.000000","1.870829","84.000000","88.000000","5","28.200000","1.923538","25.000000","30.000000"
"short-timeout-large","5","5","0","5","2.328851","0.031414","2.288961","2.372400","5","3.602561","0.048515","3.535917","3.664810","5","0.741310","0.001210","0.740205","0.742859","5","2678.800000","17.035258","2663.000000","2701.000000","5","0.723057","0.001271","0.721876","0.724712","5","2678.800000","17.035258","2663.000000","2701.000000","0","NA","NA","NA","NA","0","NA","NA","NA","NA","0","NA","NA","NA","NA","5","0.000000","0.000000","0.000000","0.000000","5","0.000000","0.000000","0.000000","0.000000","5","2673.800000","17.383901","2658.000000","2696.000000","5","709.000000","25.426364","682.000000","747.000000"
"narrow-window-small","5","5","0","5","0.082979","0.000857","0.081949","0.084137","5","3.159418","0.032569","3.115669","3.198878","5","0.073067","0.000000","0.073067","0.073067","5","0.000000","0.000000","0.000000","0.000000","5","0.000000","0.000000","0.000000","0.000000","5","0.000000","0.000000","0.000000","0.000000","5","92.874148","1.335349","90.930325","94.340347","5","116.561700","8.463894","109.793400","126.114000","5","14.279021","4.984840","8.629784","20.023877","5","0.000000","0.000000","0.000000","0.000000","5","0.000000","0.000000","0.000000","0.000000","5","0.000000","0.000000","0.000000","0.000000","5","0.000000","0.000000","0.000000","0.000000"
"wide-window-large","5","5","0","5","4.191950","0.047750","4.144855","4.262696","5","2.001330","0.022691","1.967912","2.023861","5","0.065926","0.000000","0.065926","0.065926","5","0.000000","0.000000","0.000000","0.000000","5","0.000000","0.000000","0.000000","0.000000","5","0.000000","0.000000","0.000000","0.000000","5","90.332692","0.501714","89.759232","90.955109","5","110.550100","0.307634","110.085300","110.875900","5","8.907869","0.774530","7.562963","9.440243","5","0.000000","0.000000","0.000000","0.000000","5","0.000000","0.000000","0.000000","0.000000","5","0.000000","0.000000","0.000000","0.000000","5","810.400000","18.716303","790.000000","839.000000"
