case_id,replicate,run_order,seed,filename,scenario,window_bytes,timeout_ms,loss_probability,one_way_base_delay_ms,one_way_jitter_range_ms,trial_folder,role,state,transfer_id,file_size_bytes,payload_bytes,elapsed_seconds,goodput_mbps,emitted_udp_mbps,packets_attempted,packets_emitted,packets_received,packets_acknowledged,timeouts,duplicates,retransmissions,duplicate_data,duplicate_acks,duplicate_control,out_of_order_data,data_attempts,data_retransmissions,retransmission_ratio,shim_drops,shim_corruptions,invalid_packets,dropped_data,dropped_acks,dropped_control,cancelled_packets,cancelled_udp_bytes,attempted_udp_bytes,emitted_udp_bytes,received_udp_bytes,rtt_samples,rtt_mean_ms,rtt_p95_ms,rtt_variation_ms,sha256,chunk_bytes,max_retries,corruption_probability,java_version,os,receiver_state,receiver_payload_bytes,receiver_duplicates,receiver_invalid_packets,receiver_shim_drops,receiver_attempts,receiver_emitted,receiver_received,receiver_duplicate_data,receiver_duplicate_control,receiver_dropped_acks,receiver_dropped_control,receiver_out_of_order_data,both_directions_attempted_udp_bytes,both_directions_emitted_udp_bytes,attempted_overhead_share,emitted_overhead_share,bytes_equal,received_file,run_folder,trial_status,error
"delayed-large.bin","1","1","42","large.bin","delayed","32768","250","0.0","25","25","trial-01-delayed-large.bin","sender","COMPLETED","e0182e47-cbf2-4fc6-8f5f-98e0958b3c08","1048576","1048576","3.574769","2.346615","2.429496","1026","1026","1026","1026","0","0","0","0","0","0","0","1024","0","0.000000","0","0","0","0","0","0","0","0","1085611","1085611","36972","1024","90.272658","110.004500","10.888412","ffec217fb7dfda249f567414fae7a5fdc8b9984c2cadcaf76a6a69154e18c1d2","1024","20","0.0","1.8.0_422","Windows 11","VERIFIED","1048576","0","0","0","1026","1026","1026","0","0","0","0","680","1122583","1122583","0.065926","0.065926","true","received\e0182e47-cbf2-4fc6-8f5f-98e0958b3c08-large.bin","runs\experiments-v7-20260924-013632-336-22e69d90\trial-01-delayed-large.bin","COMPLETED",""
"baseline-large.bin","1","2","42","large.bin","baseline","32768","250","0.0","0","0","trial-02-baseline-large.bin","sender","COMPLETED","5c7f9099-7839-4dd6-a82b-d68f7d76e90e","1048576","1048576","0.059451","141.100497","146.084072","1026","1026","1026","1026","0","0","0","0","0","0","0","1024","0","0.000000","0","0","0","0","0","0","0","0","1085611","1085611","36972","1024","0.921966","1.323400","0.011935","ffec217fb7dfda249f567414fae7a5fdc8b9984c2cadcaf76a6a69154e18c1d2","1024","20","0.0","1.8.0_422","Windows 11","VERIFIED","1048576","0","0","0","1026","1026","1026","0","0","0","0","0","1122583","1122583","0.065926","0.065926","true","received\5c7f9099-7839-4dd6-a82b-d68f7d76e90e-large.bin","runs\experiments-v7-20260924-013632-336-22e69d90\trial-02-baseline-large.bin","COMPLETED",""
"lossy-large.bin","1","3","42","large.bin","lossy","32768","250","0.03","0","0","trial-03-lossy-large.bin","sender","COMPLETED","bc60ddaa-4d35-4c7d-b9b3-da21e7d68bbb","1048576","1048576","6.473689","1.295800","1.388724","1093","1062","1026","1026","67","0","67","0","0","0","0","1091","67","0.061299","31","0","0","31","0","0","0","0","1156631","1123771","36972","961","0.870661","1.759400","0.040045","ffec217fb7dfda249f567414fae7a5fdc8b9984c2cadcaf76a6a69154e18c1d2","1024","20","0.0","1.8.0_422","Windows 11","VERIFIED","1048576","36","0","36","1062","1026","1062","36","0","36","0","418","1194899","1160743","0.122456","0.096634","true","received\bc60ddaa-4d35-4c7d-b9b3-da21e7d68bbb-large.bin","runs\experiments-v7-20260924-013632-336-22e69d90\trial-03-lossy-large.bin","COMPLETED",""
"wide-window-large","1","4","42","large.bin","delayed","65536","250","0.0","25","25","trial-04-wide-window-large","sender","COMPLETED","bb162cb2-d684-4c81-a510-acadc77981bb","1048576","1048576","1.999494","4.195366","4.343544","1026","1026","1026","1026","0","0","0","0","0","0","0","1024","0","0.000000","0","0","0","0","0","0","0","0","1085611","1085611","36972","1024","89.895575","110.488600","9.124441","ffec217fb7dfda249f567414fae7a5fdc8b9984c2cadcaf76a6a69154e18c1d2","1024","20","0.0","1.8.0_422","Windows 11","VERIFIED","1048576","0","0","0","1026","1026","1026","0","0","0","0","798","1122583","1122583","0.065926","0.065926","true","received\bb162cb2-d684-4c81-a510-acadc77981bb-large.bin","runs\experiments-v7-20260924-013632-336-22e69d90\trial-04-wide-window-large","COMPLETED",""
"lossy-small.bin","1","5","42","small.bin","lossy","32768","250","0.03","0","0","trial-05-lossy-small.bin","sender","COMPLETED","1bf8abcb-a9a2-41b9-b9c8-6d9602b0089b","32768","32768","0.009357","28.015218","29.146326","34","34","34","34","0","0","0","0","0","0","0","32","0","0.000000","0","0","0","0","0","0","0","0","34091","34091","1260","32","0.740156","1.117600","0.021258","a4f8c0c5e86cd8af84edfb6dd7f884d3fc6372885b663547c80feecfc471b732","1024","20","0.0","1.8.0_422","Windows 11","VERIFIED","32768","0","0","0","34","34","34","0","0","0","0","0","35351","35351","0.073067","0.073067","true","received\1bf8abcb-a9a2-41b9-b9c8-6d9602b0089b-small.bin","runs\experiments-v7-20260924-013632-336-22e69d90\trial-05-lossy-small.bin","COMPLETED",""
"delayed-small.bin","1","6","42","small.bin","delayed","32768","250","0.0","25","25","trial-06-delayed-small.bin","sender","COMPLETED","96ce5c36-d4dc-49f6-b918-33ab2145dab5","32768","32768","0.303973","0.862392","0.897211","34","34","34","34","0","0","0","0","0","0","0","32","0","0.000000","0","0","0","0","0","0","0","0","34091","34091","1260","32","93.221578","112.506000","1.682394","a4f8c0c5e86cd8af84edfb6dd7f884d3fc6372885b663547c80feecfc471b732","1024","20","0.0","1.8.0_422","Windows 11","VERIFIED","32768","0","0","0","34","34","34","0","0","0","0","28","35351","35351","0.073067","0.073067","true","received\96ce5c36-d4dc-49f6-b918-33ab2145dab5-small.bin","runs\experiments-v7-20260924-013632-336-22e69d90\trial-06-delayed-small.bin","COMPLETED",""
"narrow-window-small","1","7","42","small.bin","delayed","1024","250","0.0","25","25","trial-07-narrow-window-small","sender","COMPLETED","54f5b372-c8e5-444c-ad24-68e59bb08999","32768","32768","3.198878","0.081949","0.085257","34","34","34","34","0","0","0","0","0","0","0","32","0","0.000000","0","0","0","0","0","0","0","0","34091","34091","1260","32","94.340347","110.759600","8.629784","a4f8c0c5e86cd8af84edfb6dd7f884d3fc6372885b663547c80feecfc471b732","1024","20","0.0","1.8.0_422","Windows 11","VERIFIED","32768","0","0","0","34","34","34","0","0","0","0","0","35351","35351","0.073067","0.073067","true","received\54f5b372-c8e5-444c-ad24-68e59bb08999-small.bin","runs\experiments-v7-20260924-013632-336-22e69d90\trial-07-narrow-window-small","COMPLETED",""
"short-timeout-small","1","8","42","small.bin","delayed-short","32768","30","0.0","25","25","trial-08-short-timeout-small","sender","COMPLETED","4950b874-08d3-4a3b-af88-48b8a549fccf","32768","32768","0.300017","0.873764","3.375410","126","124","122","34","92","10","92","0","10","0","0","119","87","0.730159","0","0","0","0","0","0","2","136","126721","126585","4436","0","NA","NA","NA","a4f8c0c5e86cd8af84edfb6dd7f884d3fc6372885b663547c80feecfc471b732","1024","20","0.0","1.8.0_422","Windows 11","VERIFIED","32768","90","0","0","124","124","124","87","3","0","0","30","131261","131125","0.750360","0.750101","true","received\4950b874-08d3-4a3b-af88-48b8a549fccf-small.bin","runs\experiments-v7-20260924-013632-336-22e69d90\trial-08-short-timeout-small","COMPLETED",""
"baseline-small.bin","1","9","42","small.bin","baseline","32768","250","0.0","0","0","trial-09-baseline-small.bin","sender","COMPLETED","83955297-1415-46cc-af24-149f387003c2","32768","32768","0.006016","43.574468","45.333777","34","34","34","34","0","0","0","0","0","0","0","32","0","0.000000","0","0","0","0","0","0","0","0","34091","34091","1260","32","0.795525","1.081400","0.021003","a4f8c0c5e86cd8af84edfb6dd7f884d3fc6372885b663547c80feecfc471b732","1024","20","0.0","1.8.0_422","Windows 11","VERIFIED","32768","0","0","0","34","34","34","0","0","0","0","0","35351","35351","0.073067","0.073067","true","received\83955297-1415-46cc-af24-149f387003c2-small.bin","runs\experiments-v7-20260924-013632-336-22e69d90\trial-09-baseline-small.bin","COMPLETED",""
"short-timeout-large","1","10","42","large.bin","delayed-short","32768","30","0.0","25","25","trial-10-short-timeout-large","sender","COMPLETED","c6f9dd7a-fbf6-4f5f-9189-f28b06c86b32","1048576","1048576","3.627820","2.312300","8.607626","3689","3687","3686","1026","2663","2624","2663","0","2624","0","0","3682","2658","0.721876","0","0","0","0","0","0","2","136","3903501","3903365","132740","0","NA","NA","NA","ffec217fb7dfda249f567414fae7a5fdc8b9984c2cadcaf76a6a69154e18c1d2","1024","20","0.0","1.8.0_422","Windows 11","VERIFIED","1048576","2661","0","0","3687","3687","3687","2658","3","0","0","696","4036309","4036173","0.740214","0.740205","true","received\c6f9dd7a-fbf6-4f5f-9189-f28b06c86b32-large.bin","runs\experiments-v7-20260924-013632-336-22e69d90\trial-10-short-timeout-large","COMPLETED",""
"narrow-window-small","2","11","43","small.bin","delayed","1024","250","0.0","25","25","trial-11-narrow-window-small","sender","COMPLETED","fe87b2c1-ec9e-4dbb-85fe-5bd42c428c40","32768","32768","3.115669","0.084137","0.087534","34","34","34","34","0","0","0","0","0","0","0","32","0","0.000000","0","0","0","0","0","0","0","0","34091","34091","1260","32","90.930325","109.793400","13.194732","a4f8c0c5e86cd8af84edfb6dd7f884d3fc6372885b663547c80feecfc471b732","1024","20","0.0","1.8.0_422","Windows 11","VERIFIED","32768","0","0","0","34","34","34","0","0","0","0","0","35351","35351","0.073067","0.073067","true","received\fe87b2c1-ec9e-4dbb-85fe-5bd42c428c40-small.bin","runs\experiments-v7-20260924-013632-336-22e69d90\trial-11-narrow-window-small","COMPLETED",""
"delayed-small.bin","2","12","43","small.bin","delayed","32768","250","0.0","25","25","trial-12-delayed-small.bin","sender","COMPLETED","2824e148-c2e2-4544-8ecb-85aac88232ff","32768","32768","0.329538","0.795490","0.827608","34","34","34","34","0","0","0","0","0","0","0","32","0","0.000000","0","0","0","0","0","0","0","0","34091","34091","1260","32","89.863709","109.320100","2.114068","a4f8c0c5e86cd8af84edfb6dd7f884d3fc6372885b663547c80feecfc471b732","1024","20","0.0","1.8.0_422","Windows 11","VERIFIED","32768","0","0","0","34","34","34","0","0","0","0","26","35351","35351","0.073067","0.073067","true","received\2824e148-c2e2-4544-8ecb-85aac88232ff-small.bin","runs\experiments-v7-20260924-013632-336-22e69d90\trial-12-delayed-small.bin","COMPLETED",""
"baseline-small.bin","2","13","43","small.bin","baseline","32768","250","0.0","0","0","trial-13-baseline-small.bin","sender","COMPLETED","b640fca6-2f97-480a-b1ab-7266cbc3d33d","32768","32768","0.007625","34.381345","35.769483","34","34","34","34","0","0","0","0","0","0","0","32","0","0.000000","0","0","0","0","0","0","0","0","34091","34091","1260","32","0.413762","0.507000","0.007461","a4f8c0c5e86cd8af84edfb6dd7f884d3fc6372885b663547c80feecfc471b732","1024","20","0.0","1.8.0_422","Windows 11","VERIFIED","32768","0","0","0","34","34","34","0","0","0","0","0","35351","35351","0.073067","0.073067","true","received\b640fca6-2f97-480a-b1ab-7266cbc3d33d-small.bin","runs\experiments-v7-20260924-013632-336-22e69d90\trial-13-baseline-small.bin","COMPLETED",""
"short-timeout-large","2","14","43","large.bin","delayed-short","32768","30","0.0","25","25","trial-14-short-timeout-large","sender","COMPLETED","9decc2c7-3b68-4153-9787-5cbb38534cae","1048576","1048576","3.664810","2.288961","8.530078","3693","3691","3690","1026","2667","2620","2667","0","2620","0","0","3686","2662","0.722177","0","0","0","0","0","0","2","136","3907776","3907640","132888","0","NA","NA","NA","ffec217fb7dfda249f567414fae7a5fdc8b9984c2cadcaf76a6a69154e18c1d2","1024","20","0.0","1.8.0_422","Windows 11","VERIFIED","1048576","2665","0","0","3691","3691","3691","2662","3","0","0","747","4040700","4040564","0.740496","0.740488","true","received\9decc2c7-3b68-4153-9787-5cbb38534cae-large.bin","runs\experiments-v7-20260924-013632-336-22e69d90\trial-14-short-timeout-large","COMPLETED",""
"wide-window-large","2","15","43","large.bin","delayed","65536","250","0.0","25","25","trial-15-wide-window-large","sender","COMPLETED","afd52c65-5ce1-4c35-a594-c7ab9f56a53f","1048576","1048576","2.023861","4.144855","4.291248","1026","1026","1026","1026","0","0","0","0","0","0","0","1024","0","0.000000","0","0","0","0","0","0","0","0","1085611","1085611","36972","1024","90.955109","110.875900","9.409451","ffec217fb7dfda249f567414fae7a5fdc8b9984c2cadcaf76a6a69154e18c1d2","1024","20","0.0","1.8.0_422","Windows 11","VERIFIED","1048576","0","0","0","1026","1026","1026","0","0","0","0","811","1122583","1122583","0.065926","0.065926","true","received\afd52c65-5ce1-4c35-a594-c7ab9f56a53f-large.bin","runs\experiments-v7-20260924-013632-336-22e69d90\trial-15-wide-window-large","COMPLETED",""
"short-timeout-small","2","16","43","small.bin","delayed-short","32768","30","0.0","25","25","trial-16-short-timeout-small","sender","COMPLETED","1fa77988-756b-4c1f-9d0c-3a765258f009","32768","32768","0.299869","0.874194","3.381633","127","126","122","34","93","9","93","0","9","0","0","119","87","0.732283","0","0","0","0","0","0","1","68","126824","126756","4440","0","NA","NA","NA","a4f8c0c5e86cd8af84edfb6dd7f884d3fc6372885b663547c80feecfc471b732","1024","20","0.0","1.8.0_422","Windows 11","VERIFIED","32768","92","0","0","126","126","126","87","5","0","0","28","131472","131404","0.750761","0.750632","true","received\1fa77988-756b-4c1f-9d0c-3a765258f009-small.bin","runs\experiments-v7-20260924-013632-336-22e69d90\trial-16-short-timeout-small","COMPLETED",""
"delayed-large.bin","2","17","43","large.bin","delayed","32768","250","0.0","25","25","trial-17-delayed-large.bin","sender","COMPLETED","065ee866-1535-4536-8970-27f7e8bc5694","1048576","1048576","3.684006","2.277034","2.357457","1026","1026","1026","1026","0","0","0","0","0","0","0","1024","0","0.000000","0","0","0","0","0","0","0","0","1085611","1085611","36972","1024","90.718369","111.080400","10.540635","ffec217fb7dfda249f567414fae7a5fdc8b9984c2cadcaf76a6a69154e18c1d2","1024","20","0.0","1.8.0_422","Windows 11","VERIFIED","1048576","0","0","0","1026","1026","1026","0","0","0","0","671","1122583","1122583","0.065926","0.065926","true","received\065ee866-1535-4536-8970-27f7e8bc5694-large.bin","runs\experiments-v7-20260924-013632-336-22e69d90\trial-17-delayed-large.bin","COMPLETED",""
"lossy-small.bin","2","18","43","small.bin","lossy","32768","250","0.03","0","0","trial-18-lossy-small.bin","sender","COMPLETED","8160e885-123a-4dff-8146-ac78801e98cb","32768","32768","0.538672","0.486649","0.553524","38","37","34","34","4","0","4","0","0","0","0","36","4","0.105263","1","0","0","1","0","0","0","0","38331","37271","1260","29","0.514779","0.647800","0.013489","a4f8c0c5e86cd8af84edfb6dd7f884d3fc6372885b663547c80feecfc471b732","1024","20","0.0","1.8.0_422","Windows 11","VERIFIED","32768","3","0","3","37","34","37","3","0","3","0","0","39699","38531","0.174589","0.149568","true","received\8160e885-123a-4dff-8146-ac78801e98cb-small.bin","runs\experiments-v7-20260924-013632-336-22e69d90\trial-18-lossy-small.bin","COMPLETED",""
"lossy-large.bin","2","19","43","large.bin","lossy","32768","250","0.03","0","0","trial-19-lossy-large.bin","sender","COMPLETED","ce3d9226-9c36-4e12-9635-ad4b79cec978","1048576","1048576","4.952606","1.693777","1.791269","1074","1048","1026","1026","48","0","48","0","0","0","0","1072","48","0.044693","26","0","0","26","0","0","0","0","1136491","1108931","36972","977","1.047485","2.719000","0.038898","ffec217fb7dfda249f567414fae7a5fdc8b9984c2cadcaf76a6a69154e18c1d2","1024","20","0.0","1.8.0_422","Windows 11","VERIFIED","1048576","22","0","22","1048","1026","1048","22","0","22","0","331","1174255","1145903","0.107029","0.084935","true","received\ce3d9226-9c36-4e12-9635-ad4b79cec978-large.bin","runs\experiments-v7-20260924-013632-336-22e69d90\trial-19-lossy-large.bin","COMPLETED",""
"baseline-large.bin","2","20","43","large.bin","baseline","32768","250","0.0","0","0","trial-20-baseline-large.bin","sender","COMPLETED","2c5cac86-4d06-4289-b00b-280737886676","1048576","1048576","0.057222","146.598627","151.776392","1026","1026","1026","1026","0","0","0","0","0","0","0","1024","0","0.000000","0","0","0","0","0","0","0","0","1085611","1085611","36972","1024","0.832616","0.910100","0.004102","ffec217fb7dfda249f567414fae7a5fdc8b9984c2cadcaf76a6a69154e18c1d2","1024","20","0.0","1.8.0_422","Windows 11","VERIFIED","1048576","0","0","0","1026","1026","1026","0","0","0","0","0","1122583","1122583","0.065926","0.065926","true","received\2c5cac86-4d06-4289-b00b-280737886676-large.bin","runs\experiments-v7-20260924-013632-336-22e69d90\trial-20-baseline-large.bin","COMPLETED",""
"lossy-large.bin","3","21","44","large.bin","lossy","32768","250","0.03","0","0","trial-21-lossy-large.bin","sender","COMPLETED","c41d37dc-ae5f-4578-853a-172e98e003f0","1048576","1048576","6.463704","1.297802","1.389557","1092","1061","1026","1026","66","0","66","0","0","0","0","1090","66","0.060440","31","0","0","31","0","0","0","0","1155571","1122711","36972","963","0.706332","1.192300","0.032521","ffec217fb7dfda249f567414fae7a5fdc8b9984c2cadcaf76a6a69154e18c1d2","1024","20","0.0","1.8.0_422","Windows 11","VERIFIED","1048576","35","0","35","1061","1026","1061","35","0","35","0","433","1193803","1159683","0.121651","0.095808","true","received\c41d37dc-ae5f-4578-853a-172e98e003f0-large.bin","runs\experiments-v7-20260924-013632-336-22e69d90\trial-21-lossy-large.bin","COMPLETED",""
"baseline-small.bin","3","22","44","small.bin","baseline","32768","250","0.0","0","0","trial-22-baseline-small.bin","sender","COMPLETED","d203505d-1dec-40e8-aad4-91f991ee1fd4","32768","32768","0.005916","44.308025","46.096951","34","34","34","34","0","0","0","0","0","0","0","32","0","0.000000","0","0","0","0","0","0","0","0","34091","34091","1260","32","0.496194","0.665400","0.008394","a4f8c0c5e86cd8af84edfb6dd7f884d3fc6372885b663547c80feecfc471b732","1024","20","0.0","1.8.0_422","Windows 11","VERIFIED","32768","0","0","0","34","34","34","0","0","0","0","0","35351","35351","0.073067","0.073067","true","received\d203505d-1dec-40e8-aad4-91f991ee1fd4-small.bin","runs\experiments-v7-20260924-013632-336-22e69d90\trial-22-baseline-small.bin","COMPLETED",""
"short-timeout-large","3","23","44","large.bin","delayed-short","32768","30","0.0","25","25","trial-23-short-timeout-large","sender","COMPLETED","ab045854-fe2f-441c-878e-839e2c058cff","1048576","1048576","3.581114","2.342458","8.809873","3727","3725","3723","1026","2701","2672","2701","0","2672","0","0","3720","2696","0.724712","0","0","0","0","0","0","2","136","3943781","3943645","134072","0","NA","NA","NA","ffec217fb7dfda249f567414fae7a5fdc8b9984c2cadcaf76a6a69154e18c1d2","1024","20","0.0","1.8.0_422","Windows 11","VERIFIED","1048576","2699","0","0","3725","3725","3725","2696","3","0","0","682","4077957","4077821","0.742867","0.742859","true","received\ab045854-fe2f-441c-878e-839e2c058cff-large.bin","runs\experiments-v7-20260924-013632-336-22e69d90\trial-23-short-timeout-large","COMPLETED",""
"baseline-large.bin","3","24","44","large.bin","baseline","32768","250","0.0","0","0","trial-24-baseline-large.bin","sender","COMPLETED","0b761c17-464d-4e16-8997-56ea362c11b3","1048576","1048576","0.049618","169.064830","175.036086","1026","1026","1026","1026","0","0","0","0","0","0","0","1024","0","0.000000","0","0","0","0","0","0","0","0","1085611","1085611","36972","1024","0.780649","1.012900","0.008422","ffec217fb7dfda249f567414fae7a5fdc8b9984c2cadcaf76a6a69154e18c1d2","1024","20","0.0","1.8.0_422","Windows 11","VERIFIED","1048576","0","0","0","1026","1026","1026","0","0","0","0","0","1122583","1122583","0.065926","0.065926","true","received\0b761c17-464d-4e16-8997-56ea362c11b3-large.bin","runs\experiments-v7-20260924-013632-336-22e69d90\trial-24-baseline-large.bin","COMPLETED",""
"delayed-large.bin","3","25","44","large.bin","delayed","32768","250","0.0","25","25","trial-25-delayed-large.bin","sender","COMPLETED","ac9e63c9-dc7d-4439-aa58-5fe439e5dd3c","1048576","1048576","3.580345","2.342961","2.425713","1026","1026","1026","1026","0","0","0","0","0","0","0","1024","0","0.000000","0","0","0","0","0","0","0","0","1085611","1085611","36972","1024","89.973726","110.727000","10.487816","ffec217fb7dfda249f567414fae7a5fdc8b9984c2cadcaf76a6a69154e18c1d2","1024","20","0.0","1.8.0_422","Windows 11","VERIFIED","1048576","0","0","0","1026","1026","1026","0","0","0","0","688","1122583","1122583","0.065926","0.065926","true","received\ac9e63c9-dc7d-4439-aa58-5fe439e5dd3c-large.bin","runs\experiments-v7-20260924-013632-336-22e69d90\trial-25-delayed-large.bin","COMPLETED",""
"wide-window-large","3","26","44","large.bin","delayed","65536","250","0.0","25","25","trial-26-wide-window-large","sender","COMPLETED","c6a331da-9a81-4072-a4e4-ab95fca774e7","1048576","1048576","1.967912","4.262696","4.413251","1026","1026","1026","1026","0","0","0","0","0","0","0","1024","0","0.000000","0","0","0","0","0","0","0","0","1085611","1085611","36972","1024","89.759232","110.522900","9.440243","ffec217fb7dfda249f567414fae7a5fdc8b9984c2cadcaf76a6a69154e18c1d2","1024","20","0.0","1.8.0_422","Windows 11","VERIFIED","1048576","0","0","0","1026","1026","1026","0","0","0","0","790","1122583","1122583","0.065926","0.065926","true","received\c6a331da-9a81-4072-a4e4-ab95fca774e7-large.bin","runs\experiments-v7-20260924-013632-336-22e69d90\trial-26-wide-window-large","COMPLETED",""
"lossy-small.bin","3","27","44","small.bin","lossy","32768","250","0.03","0","0","trial-27-lossy-small.bin","sender","COMPLETED","77790613-fc58-4589-bb44-220de39c6bee","32768","32768","0.264326","0.991745","1.063868","36","35","34","34","2","0","2","0","0","0","0","34","2","0.055556","1","0","0","1","0","0","0","0","36211","35151","1260","30","0.443163","0.456500","0.006403","a4f8c0c5e86cd8af84edfb6dd7f884d3fc6372885b663547c80feecfc471b732","1024","20","0.0","1.8.0_422","Windows 11","VERIFIED","32768","1","0","1","35","34","35","1","0","1","0","6","37507","36411","0.126350","0.100052","true","received\77790613-fc58-4589-bb44-220de39c6bee-small.bin","runs\experiments-v7-20260924-013632-336-22e69d90\trial-27-lossy-small.bin","COMPLETED",""
"delayed-small.bin","3","28","44","small.bin","delayed","32768","250","0.0","25","25","trial-28-delayed-small.bin","sender","COMPLETED","a3923782-ea99-4c2d-b9c1-b76d8e12b66b","32768","32768","0.274324","0.955600","0.994182","34","34","34","34","0","0","0","0","0","0","0","32","0","0.000000","0","0","0","0","0","0","0","0","34091","34091","1260","32","92.842034","110.507400","1.590687","a4f8c0c5e86cd8af84edfb6dd7f884d3fc6372885b663547c80feecfc471b732","1024","20","0.0","1.8.0_422","Windows 11","VERIFIED","32768","0","0","0","34","34","34","0","0","0","0","29","35351","35351","0.073067","0.073067","true","received\a3923782-ea99-4c2d-b9c1-b76d8e12b66b-small.bin","runs\experiments-v7-20260924-013632-336-22e69d90\trial-28-delayed-small.bin","COMPLETED",""
"narrow-window-small","3","29","44","small.bin","delayed","1024","250","0.0","25","25","trial-29-narrow-window-small","sender","COMPLETED","9fca6004-3052-465f-8c9f-e8add5bea8d9","32768","32768","3.164164","0.082848","0.086193","34","34","34","34","0","0","0","0","0","0","0","32","0","0.000000","0","0","0","0","0","0","0","0","34091","34091","1260","32","93.889063","126.114000","18.823842","a4f8c0c5e86cd8af84edfb6dd7f884d3fc6372885b663547c80feecfc471b732","1024","20","0.0","1.8.0_422","Windows 11","VERIFIED","32768","0","0","0","34","34","34","0","0","0","0","0","35351","35351","0.073067","0.073067","true","received\9fca6004-3052-465f-8c9f-e8add5bea8d9-small.bin","runs\experiments-v7-20260924-013632-336-22e69d90\trial-29-narrow-window-small","COMPLETED",""
"short-timeout-small","3","30","44","small.bin","delayed-short","32768","30","0.0","25","25","trial-30-short-timeout-small","sender","COMPLETED","17a61444-7a39-4c5d-8b80-bcb5b697a278","32768","32768","0.301864","0.868419","3.273213","124","122","118","34","90","6","90","0","6","0","0","116","84","0.725806","0","0","0","0","0","0","2","136","123644","123508","4296","0","NA","NA","NA","a4f8c0c5e86cd8af84edfb6dd7f884d3fc6372885b663547c80feecfc471b732","1024","20","0.0","1.8.0_422","Windows 11","VERIFIED","32768","88","0","0","122","122","122","84","4","0","0","25","128116","127980","0.744232","0.743960","true","received\17a61444-7a39-4c5d-8b80-bcb5b697a278-small.bin","runs\experiments-v7-20260924-013632-336-22e69d90\trial-30-short-timeout-small","COMPLETED",""
"narrow-window-small","4","31","45","small.bin","delayed","1024","250","0.0","25","25","trial-31-narrow-window-small","sender","COMPLETED","e87f82c0-f61f-47e2-ab63-14a86f09841f","32768","32768","3.178544","0.082473","0.085803","34","34","34","34","0","0","0","0","0","0","0","32","0","0.000000","0","0","0","0","0","0","0","0","34091","34091","1260","32","92.728075","125.529800","20.023877","a4f8c0c5e86cd8af84edfb6dd7f884d3fc6372885b663547c80feecfc471b732","1024","20","0.0","1.8.0_422","Windows 11","VERIFIED","32768","0","0","0","34","34","34","0","0","0","0","0","35351","35351","0.073067","0.073067","true","received\e87f82c0-f61f-47e2-ab63-14a86f09841f-small.bin","runs\experiments-v7-20260924-013632-336-22e69d90\trial-31-narrow-window-small","COMPLETED",""
"baseline-small.bin","4","32","45","small.bin","baseline","32768","250","0.0","0","0","trial-32-baseline-small.bin","sender","COMPLETED","57362361-152e-43d3-a078-f986c75bd244","32768","32768","0.006749","38.842478","40.410734","34","34","34","34","0","0","0","0","0","0","0","32","0","0.000000","0","0","0","0","0","0","0","0","34091","34091","1260","32","0.435447","0.470400","0.006613","a4f8c0c5e86cd8af84edfb6dd7f884d3fc6372885b663547c80feecfc471b732","1024","20","0.0","1.8.0_422","Windows 11","VERIFIED","32768","0","0","0","34","34","34","0","0","0","0","0","35351","35351","0.073067","0.073067","true","received\57362361-152e-43d3-a078-f986c75bd244-small.bin","runs\experiments-v7-20260924-013632-336-22e69d90\trial-32-baseline-small.bin","COMPLETED",""
"short-timeout-large","4","33","45","large.bin","delayed-short","32768","30","0.0","25","25","trial-33-short-timeout-large","sender","COMPLETED","25d92a9b-a4c1-49dd-b901-5ff8d0c54245","1048576","1048576","3.535917","2.372400","8.905541","3719","3717","3715","1026","2693","2635","2693","0","2635","0","0","3713","2689","0.724119","0","0","0","0","0","0","2","136","3936293","3936157","133784","0","NA","NA","NA","ffec217fb7dfda249f567414fae7a5fdc8b9984c2cadcaf76a6a69154e18c1d2","1024","20","0.0","1.8.0_422","Windows 11","VERIFIED","1048576","2691","0","0","3717","3716","3717","2689","2","0","0","721","4070149","4069977","0.742374","0.742363","true","received\25d92a9b-a4c1-49dd-b901-5ff8d0c54245-large.bin","runs\experiments-v7-20260924-013632-336-22e69d90\trial-33-short-timeout-large","COMPLETED",""
"short-timeout-small","4","34","45","small.bin","delayed-short","32768","30","0.0","25","25","trial-34-short-timeout-small","sender","COMPLETED","511ee773-b81a-416f-bb83-257ec7177f64","32768","32768","0.320108","0.818924","3.194324","128","127","125","34","94","16","94","0","16","0","0","120","88","0.734375","0","0","0","0","0","0","1","68","127884","127816","4548","0","NA","NA","NA","a4f8c0c5e86cd8af84edfb6dd7f884d3fc6372885b663547c80feecfc471b732","1024","20","0.0","1.8.0_422","Windows 11","VERIFIED","32768","93","0","0","127","127","127","88","5","0","0","29","132568","132500","0.752821","0.752694","true","received\511ee773-b81a-416f-bb83-257ec7177f64-small.bin","runs\experiments-v7-20260924-013632-336-22e69d90\trial-34-short-timeout-small","COMPLETED",""
"delayed-large.bin","4","35","45","large.bin","delayed","32768","250","0.0","25","25","trial-35-delayed-large.bin","sender","COMPLETED","19d2c58a-67c5-4119-a3e4-c821cdfe94f7","1048576","1048576","3.644484","2.301727","2.383023","1026","1026","1026","1026","0","0","0","0","0","0","0","1024","0","0.000000","0","0","0","0","0","0","0","0","1085611","1085611","36972","1024","90.654371","110.513900","10.166677","ffec217fb7dfda249f567414fae7a5fdc8b9984c2cadcaf76a6a69154e18c1d2","1024","20","0.0","1.8.0_422","Windows 11","VERIFIED","1048576","0","0","0","1026","1026","1026","0","0","0","0","695","1122583","1122583","0.065926","0.065926","true","received\19d2c58a-67c5-4119-a3e4-c821cdfe94f7-large.bin","runs\experiments-v7-20260924-013632-336-22e69d90\trial-35-delayed-large.bin","COMPLETED",""
"wide-window-large","4","36","45","large.bin","delayed","65536","250","0.0","25","25","trial-36-wide-window-large","sender","COMPLETED","69f80f1b-51b5-4827-8b4a-c8c3162cd52b","1048576","1048576","1.994450","4.205976","4.354528","1026","1026","1026","1026","0","0","0","0","0","0","0","1024","0","0.000000","0","0","0","0","0","0","0","0","1085611","1085611","36972","1024","90.416763","110.777800","9.002247","ffec217fb7dfda249f567414fae7a5fdc8b9984c2cadcaf76a6a69154e18c1d2","1024","20","0.0","1.8.0_422","Windows 11","VERIFIED","1048576","0","0","0","1026","1026","1026","0","0","0","0","839","1122583","1122583","0.065926","0.065926","true","received\69f80f1b-51b5-4827-8b4a-c8c3162cd52b-large.bin","runs\experiments-v7-20260924-013632-336-22e69d90\trial-36-wide-window-large","COMPLETED",""
"baseline-large.bin","4","37","45","large.bin","baseline","32768","250","0.0","0","0","trial-37-baseline-large.bin","sender","COMPLETED","ab2e999d-5000-4565-bad4-e0dcb7b1bcdb","1048576","1048576","0.052856","158.705625","164.311001","1026","1026","1026","1026","0","0","0","0","0","0","0","1024","0","0.000000","0","0","0","0","0","0","0","0","1085611","1085611","36972","1024","0.796919","0.988900","0.007672","ffec217fb7dfda249f567414fae7a5fdc8b9984c2cadcaf76a6a69154e18c1d2","1024","20","0.0","1.8.0_422","Windows 11","VERIFIED","1048576","0","0","0","1026","1026","1026","0","0","0","0","0","1122583","1122583","0.065926","0.065926","true","received\ab2e999d-5000-4565-bad4-e0dcb7b1bcdb-large.bin","runs\experiments-v7-20260924-013632-336-22e69d90\trial-37-baseline-large.bin","COMPLETED",""
"lossy-small.bin","4","38","45","small.bin","lossy","32768","250","0.03","0","0","trial-38-lossy-small.bin","sender","COMPLETED","de704899-575f-4832-bd2a-8916cff02871","32768","32768","0.260338","1.006939","1.112740","37","36","34","34","3","0","3","0","0","0","0","35","3","0.081081","1","0","0","1","0","0","0","0","37271","36211","1260","29","0.529386","0.796000","0.022318","a4f8c0c5e86cd8af84edfb6dd7f884d3fc6372885b663547c80feecfc471b732","1024","20","0.0","1.8.0_422","Windows 11","VERIFIED","32768","2","0","2","36","34","36","2","0","2","0","16","38603","37471","0.151154","0.125510","true","received\de704899-575f-4832-bd2a-8916cff02871-small.bin","runs\experiments-v7-20260924-013632-336-22e69d90\trial-38-lossy-small.bin","COMPLETED",""
"lossy-large.bin","4","39","45","large.bin","lossy","32768","250","0.03","0","0","trial-39-lossy-large.bin","sender","COMPLETED","6cdc877a-56a6-44d2-a14f-6d543bbb50fd","1048576","1048576","6.739681","1.244660","1.331400","1092","1060","1026","1026","66","0","66","0","0","0","0","1090","66","0.060440","32","0","0","32","0","0","0","0","1155571","1121651","36972","962","0.604271","1.164800","0.029005","ffec217fb7dfda249f567414fae7a5fdc8b9984c2cadcaf76a6a69154e18c1d2","1024","20","0.0","1.8.0_422","Windows 11","VERIFIED","1048576","34","0","34","1060","1026","1060","34","0","34","0","549","1193767","1158623","0.121624","0.094981","true","received\6cdc877a-56a6-44d2-a14f-6d543bbb50fd-large.bin","runs\experiments-v7-20260924-013632-336-22e69d90\trial-39-lossy-large.bin","COMPLETED",""
"delayed-small.bin","4","40","45","small.bin","delayed","32768","250","0.0","25","25","trial-40-delayed-small.bin","sender","COMPLETED","15cda898-3f1e-4fb4-818c-7bbc6366cb5f","32768","32768","0.323507","0.810321","0.843037","34","34","34","34","0","0","0","0","0","0","0","32","0","0.000000","0","0","0","0","0","0","0","0","34091","34091","1260","32","89.686450","109.659700","1.599729","a4f8c0c5e86cd8af84edfb6dd7f884d3fc6372885b663547c80feecfc471b732","1024","20","0.0","1.8.0_422","Windows 11","VERIFIED","32768","0","0","0","34","34","34","0","0","0","0","30","35351","35351","0.073067","0.073067","true","received\15cda898-3f1e-4fb4-818c-7bbc6366cb5f-small.bin","runs\experiments-v7-20260924-013632-336-22e69d90\trial-40-delayed-small.bin","COMPLETED",""
"baseline-large.bin","5","41","46","large.bin","baseline","32768","250","0.0","0","0","trial-41-baseline-large.bin","sender","COMPLETED","998f7b21-ae77-4e0b-80dc-429891227e64","1048576","1048576","0.057653","145.500917","150.639911","1026","1026","1026","1026","0","0","0","0","0","0","0","1024","0","0.000000","0","0","0","0","0","0","0","0","1085611","1085611","36972","1024","0.971193","1.285700","0.021881","ffec217fb7dfda249f567414fae7a5fdc8b9984c2cadcaf76a6a69154e18c1d2","1024","20","0.0","1.8.0_422","Windows 11","VERIFIED","1048576","0","0","0","1026","1026","1026","0","0","0","0","0","1122583","1122583","0.065926","0.065926","true","received\998f7b21-ae77-4e0b-80dc-429891227e64-large.bin","runs\experiments-v7-20260924-013632-336-22e69d90\trial-41-baseline-large.bin","COMPLETED",""
"lossy-small.bin","5","42","46","small.bin","lossy","32768","250","0.03","0","0","trial-42-lossy-small.bin","sender","COMPLETED","b24fa44f-e7a0-453a-82e6-de9372e736ca","32768","32768","0.508735","0.515286","0.569428","37","36","34","34","3","0","3","0","0","0","0","35","3","0.081081","1","0","0","1","0","0","0","0","37271","36211","1260","30","0.347293","0.390800","0.004245","a4f8c0c5e86cd8af84edfb6dd7f884d3fc6372885b663547c80feecfc471b732","1024","20","0.0","1.8.0_422","Windows 11","VERIFIED","32768","2","0","2","36","34","36","2","0","2","0","5","38603","37471","0.151154","0.125510","true","received\b24fa44f-e7a0-453a-82e6-de9372e736ca-small.bin","runs\experiments-v7-20260924-013632-336-22e69d90\trial-42-lossy-small.bin","COMPLETED",""
"delayed-large.bin","5","43","46","large.bin","delayed","32768","250","0.0","25","25","trial-43-delayed-large.bin","sender","COMPLETED","af416b39-8b0b-4383-b8fd-ab44d75320e5","1048576","1048576","3.624396","2.314484","2.396230","1026","1026","1026","1026","0","0","0","0","0","0","0","1024","0","0.000000","0","0","0","0","0","0","0","0","1085611","1085611","36972","1024","90.571126","110.533700","10.430165","ffec217fb7dfda249f567414fae7a5fdc8b9984c2cadcaf76a6a69154e18c1d2","1024","20","0.0","1.8.0_422","Windows 11","VERIFIED","1048576","0","0","0","1026","1026","1026","0","0","0","0","678","1122583","1122583","0.065926","0.065926","true","received\af416b39-8b0b-4383-b8fd-ab44d75320e5-large.bin","runs\experiments-v7-20260924-013632-336-22e69d90\trial-43-delayed-large.bin","COMPLETED",""
"short-timeout-large","5","44","46","large.bin","delayed-short","32768","30","0.0","25","25","trial-44-short-timeout-large","sender","COMPLETED","a339c242-1ccb-4b0a-96fe-8b953680ad43","1048576","1048576","3.603144","2.328136","8.680925","3696","3694","3693","1026","2670","2611","2670","0","2611","0","0","3688","2664","0.722403","0","0","0","0","0","0","2","136","3909964","3909828","132996","0","NA","NA","NA","ffec217fb7dfda249f567414fae7a5fdc8b9984c2cadcaf76a6a69154e18c1d2","1024","20","0.0","1.8.0_422","Windows 11","VERIFIED","1048576","2668","0","0","3694","3694","3694","2664","4","0","0","699","4043028","4042892","0.740646","0.740637","true","received\a339c242-1ccb-4b0a-96fe-8b953680ad43-large.bin","runs\experiments-v7-20260924-013632-336-22e69d90\trial-44-short-timeout-large","COMPLETED",""
"short-timeout-small","5","45","46","small.bin","delayed-short","32768","30","0.0","25","25","trial-45-short-timeout-small","sender","COMPLETED","95f93c77-2a32-417b-a5f0-29c6c7b36f08","32768","32768","0.285738","0.917428","3.456032","123","121","120","34","89","5","89","0","5","0","0","116","84","0.723577","0","0","0","0","0","0","2","136","123576","123440","4368","0","NA","NA","NA","a4f8c0c5e86cd8af84edfb6dd7f884d3fc6372885b663547c80feecfc471b732","1024","20","0.0","1.8.0_422","Windows 11","VERIFIED","32768","87","0","0","121","121","121","84","3","0","0","29","127980","127844","0.743960","0.743688","true","received\95f93c77-2a32-417b-a5f0-29c6c7b36f08-small.bin","runs\experiments-v7-20260924-013632-336-22e69d90\trial-45-short-timeout-small","COMPLETED",""
"lossy-large.bin","5","46","46","large.bin","lossy","32768","250","0.03","0","0","trial-46-lossy-large.bin","sender","COMPLETED","f6281f57-ef0b-4772-a727-ba248f9243ac","1048576","1048576","6.507598","1.289048","1.372366","1087","1055","1026","1026","61","0","61","0","0","0","0","1085","61","0.056118","32","0","0","32","0","0","0","0","1150271","1116351","36972","964","0.663526","0.846100","0.027163","ffec217fb7dfda249f567414fae7a5fdc8b9984c2cadcaf76a6a69154e18c1d2","1024","20","0.0","1.8.0_422","Windows 11","VERIFIED","1048576","29","0","29","1055","1026","1055","29","0","29","0","455","1188287","1153323","0.117573","0.090822","true","received\f6281f57-ef0b-4772-a727-ba248f9243ac-large.bin","runs\experiments-v7-20260924-013632-336-22e69d90\trial-46-lossy-large.bin","COMPLETED",""
"wide-window-large","5","47","46","large.bin","delayed","65536","250","0.0","25","25","trial-47-wide-window-large","sender","COMPLETED","909632ee-9b7f-4573-9f13-73d6aa124038","1048576","1048576","2.020935","4.150855","4.297461","1026","1026","1026","1026","0","0","0","0","0","0","0","1024","0","0.000000","0","0","0","0","0","0","0","0","1085611","1085611","36972","1024","90.636781","110.085300","7.562963","ffec217fb7dfda249f567414fae7a5fdc8b9984c2cadcaf76a6a69154e18c1d2","1024","20","0.0","1.8.0_422","Windows 11","VERIFIED","1048576","0","0","0","1026","1026","1026","0","0","0","0","814","1122583","1122583","0.065926","0.065926","true","received\909632ee-9b7f-4573-9f13-73d6aa124038-large.bin","runs\experiments-v7-20260924-013632-336-22e69d90\trial-47-wide-window-large","COMPLETED",""
"delayed-small.bin","5","48","46","small.bin","delayed","32768","250","0.0","25","25","trial-48-delayed-small.bin","sender","COMPLETED","2727290a-046f-4770-aab6-887ad3082c23","32768","32768","0.293861","0.892068","0.928085","34","34","34","34","0","0","0","0","0","0","0","32","0","0.000000","0","0","0","0","0","0","0","0","34091","34091","1260","32","90.009700","108.700400","1.018961","a4f8c0c5e86cd8af84edfb6dd7f884d3fc6372885b663547c80feecfc471b732","1024","20","0.0","1.8.0_422","Windows 11","VERIFIED","32768","0","0","0","34","34","34","0","0","0","0","30","35351","35351","0.073067","0.073067","true","received\2727290a-046f-4770-aab6-887ad3082c23-small.bin","runs\experiments-v7-20260924-013632-336-22e69d90\trial-48-delayed-small.bin","COMPLETED",""
"narrow-window-small","5","49","46","small.bin","delayed","1024","250","0.0","25","25","trial-49-narrow-window-small","sender","COMPLETED","af31b015-92c3-4193-a3d4-725de8cb79a2","32768","32768","3.139835","0.083490","0.086861","34","34","34","34","0","0","0","0","0","0","0","32","0","0.000000","0","0","0","0","0","0","0","0","34091","34091","1260","32","92.482931","110.611700","10.722871","a4f8c0c5e86cd8af84edfb6dd7f884d3fc6372885b663547c80feecfc471b732","1024","20","0.0","1.8.0_422","Windows 11","VERIFIED","32768","0","0","0","34","34","34","0","0","0","0","0","35351","35351","0.073067","0.073067","true","received\af31b015-92c3-4193-a3d4-725de8cb79a2-small.bin","runs\experiments-v7-20260924-013632-336-22e69d90\trial-49-narrow-window-small","COMPLETED",""
"baseline-small.bin","5","50","46","small.bin","baseline","32768","250","0.0","0","0","trial-50-baseline-small.bin","sender","COMPLETED","223335e1-79f9-4d47-9ba8-0f13015b168a","32768","32768","0.005847","44.837766","46.648080","34","34","34","34","0","0","0","0","0","0","0","32","0","0.000000","0","0","0","0","0","0","0","0","34091","34091","1260","32","0.357981","0.386500","0.002945","a4f8c0c5e86cd8af84edfb6dd7f884d3fc6372885b663547c80feecfc471b732","1024","20","0.0","1.8.0_422","Windows 11","VERIFIED","32768","0","0","0","34","34","34","0","0","0","0","0","35351","35351","0.073067","0.073067","true","received\223335e1-79f9-4d47-9ba8-0f13015b168a-small.bin","runs\experiments-v7-20260924-013632-336-22e69d90\trial-50-baseline-small.bin","COMPLETED",""
