case_id,replicate,run_order,seed,filename,scenario,window_bytes,timeout_ms,loss_probability,one_way_base_delay_ms,one_way_jitter_range_ms,trial_folder
"delayed-large.bin","1","1","42","large.bin","delayed","32768","250","0.0","25","25","trial-01-delayed-large.bin"
"baseline-large.bin","1","2","42","large.bin","baseline","32768","250","0.0","0","0","trial-02-baseline-large.bin"
"lossy-large.bin","1","3","42","large.bin","lossy","32768","250","0.03","0","0","trial-03-lossy-large.bin"
"wide-window-large","1","4","42","large.bin","delayed","65536","250","0.0","25","25","trial-04-wide-window-large"
"lossy-small.bin","1","5","42","small.bin","lossy","32768","250","0.03","0","0","trial-05-lossy-small.bin"
"delayed-small.bin","1","6","42","small.bin","delayed","32768","250","0.0","25","25","trial-06-delayed-small.bin"
"narrow-window-small","1","7","42","small.bin","delayed","1024","250","0.0","25","25","trial-07-narrow-window-small"
"short-timeout-small","1","8","42","small.bin","delayed-short","32768","30","0.0","25","25","trial-08-short-timeout-small"
"baseline-small.bin","1","9","42","small.bin","baseline","32768","250","0.0","0","0","trial-09-baseline-small.bin"
"short-timeout-large","1","10","42","large.bin","delayed-short","32768","30","0.0","25","25","trial-10-short-timeout-large"
"narrow-window-small","2","11","43","small.bin","delayed","1024","250","0.0","25","25","trial-11-narrow-window-small"
"delayed-small.bin","2","12","43","small.bin","delayed","32768","250","0.0","25","25","trial-12-delayed-small.bin"
"baseline-small.bin","2","13","43","small.bin","baseline","32768","250","0.0","0","0","trial-13-baseline-small.bin"
"short-timeout-large","2","14","43","large.bin","delayed-short","32768","30","0.0","25","25","trial-14-short-timeout-large"
"wide-window-large","2","15","43","large.bin","delayed","65536","250","0.0","25","25","trial-15-wide-window-large"
"short-timeout-small","2","16","43","small.bin","delayed-short","32768","30","0.0","25","25","trial-16-short-timeout-small"
"delayed-large.bin","2","17","43","large.bin","delayed","32768","250","0.0","25","25","trial-17-delayed-large.bin"
"lossy-small.bin","2","18","43","small.bin","lossy","32768","250","0.03","0","0","trial-18-lossy-small.bin"
"lossy-large.bin","2","19","43","large.bin","lossy","32768","250","0.03","0","0","trial-19-lossy-large.bin"
"baseline-large.bin","2","20","43","large.bin","baseline","32768","250","0.0","0","0","trial-20-baseline-large.bin"
"lossy-large.bin","3","21","44","large.bin","lossy","32768","250","0.03","0","0","trial-21-lossy-large.bin"
"baseline-small.bin","3","22","44","small.bin","baseline","32768","250","0.0","0","0","trial-22-baseline-small.bin"
"short-timeout-large","3","23","44","large.bin","delayed-short","32768","30","0.0","25","25","trial-23-short-timeout-large"
"baseline-large.bin","3","24","44","large.bin","baseline","32768","250","0.0","0","0","trial-24-baseline-large.bin"
"delayed-large.bin","3","25","44","large.bin","delayed","32768","250","0.0","25","25","trial-25-delayed-large.bin"
"wide-window-large","3","26","44","large.bin","delayed","65536","250","0.0","25","25","trial-26-wide-window-large"
"lossy-small.bin","3","27","44","small.bin","lossy","32768","250","0.03","0","0","trial-27-lossy-small.bin"
"delayed-small.bin","3","28","44","small.bin","delayed","32768","250","0.0","25","25","trial-28-delayed-small.bin"
"narrow-window-small","3","29","44","small.bin","delayed","1024","250","0.0","25","25","trial-29-narrow-window-small"
"short-timeout-small","3","30","44","small.bin","delayed-short","32768","30","0.0","25","25","trial-30-short-timeout-small"
"narrow-window-small","4","31","45","small.bin","delayed","1024","250","0.0","25","25","trial-31-narrow-window-small"
"baseline-small.bin","4","32","45","small.bin","baseline","32768","250","0.0","0","0","trial-32-baseline-small.bin"
"short-timeout-large","4","33","45","large.bin","delayed-short","32768","30","0.0","25","25","trial-33-short-timeout-large"
"short-timeout-small","4","34","45","small.bin","delayed-short","32768","30","0.0","25","25","trial-34-short-timeout-small"
"delayed-large.bin","4","35","45","large.bin","delayed","32768","250","0.0","25","25","trial-35-delayed-large.bin"
"wide-window-large","4","36","45","large.bin","delayed","65536","250","0.0","25","25","trial-36-wide-window-large"
"baseline-large.bin","4","37","45","large.bin","baseline","32768","250","0.0","0","0","trial-37-baseline-large.bin"
"lossy-small.bin","4","38","45","small.bin","lossy","32768","250","0.03","0","0","trial-38-lossy-small.bin"
"lossy-large.bin","4","39","45","large.bin","lossy","32768","250","0.03","0","0","trial-39-lossy-large.bin"
"delayed-small.bin","4","40","45","small.bin","delayed","32768","250","0.0","25","25","trial-40-delayed-small.bin"
"baseline-large.bin","5","41","46","large.bin","baseline","32768","250","0.0","0","0","trial-41-baseline-large.bin"
"lossy-small.bin","5","42","46","small.bin","lossy","32768","250","0.03","0","0","trial-42-lossy-small.bin"
"delayed-large.bin","5","43","46","large.bin","delayed","32768","250","0.0","25","25","trial-43-delayed-large.bin"
"short-timeout-large","5","44","46","large.bin","delayed-short","32768","30","0.0","25","25","trial-44-short-timeout-large"
"short-timeout-small","5","45","46","small.bin","delayed-short","32768","30","0.0","25","25","trial-45-short-timeout-small"
"lossy-large.bin","5","46","46","large.bin","lossy","32768","250","0.03","0","0","trial-46-lossy-large.bin"
"wide-window-large","5","47","46","large.bin","delayed","65536","250","0.0","25","25","trial-47-wide-window-large"
"delayed-small.bin","5","48","46","small.bin","delayed","32768","250","0.0","25","25","trial-48-delayed-small.bin"
"narrow-window-small","5","49","46","small.bin","delayed","1024","250","0.0","25","25","trial-49-narrow-window-small"
"baseline-small.bin","5","50","46","small.bin","baseline","32768","250","0.0","0","0","trial-50-baseline-small.bin"
