elapsed_ms,role,transfer_id,event,type,sequence,bytes,detail
1.305,sender,e87f82c0-f61f-47e2-ab63-14a86f09841f,SEND,START,-1,103,""
53.080,sender,e87f82c0-f61f-47e2-ab63-14a86f09841f,EMIT,START,-1,103,""
99.920,sender,e87f82c0-f61f-47e2-ab63-14a86f09841f,RECEIVE,READY,-1,40,""
99.972,sender,e87f82c0-f61f-47e2-ab63-14a86f09841f,ACKNOWLEDGED,READY,-1,0,""
99.978,sender,e87f82c0-f61f-47e2-ab63-14a86f09841f,SEND,DATA,0,1060,""
148.088,sender,e87f82c0-f61f-47e2-ab63-14a86f09841f,EMIT,DATA,0,1060,""
179.589,sender,e87f82c0-f61f-47e2-ab63-14a86f09841f,RECEIVE,ACK,0,36,""
179.600,sender,e87f82c0-f61f-47e2-ab63-14a86f09841f,ACKNOWLEDGED,ACK,0,0,""
179.604,sender,e87f82c0-f61f-47e2-ab63-14a86f09841f,CONFIRM_DATA,ACK,0,1024,"unique file bytes acknowledged"
179.609,sender,e87f82c0-f61f-47e2-ab63-14a86f09841f,RTT_SAMPLE,ACK,0,0,"79.630100"
179.614,sender,e87f82c0-f61f-47e2-ab63-14a86f09841f,SEND,DATA,1,1060,""
225.368,sender,e87f82c0-f61f-47e2-ab63-14a86f09841f,EMIT,DATA,1,1060,""
273.520,sender,e87f82c0-f61f-47e2-ab63-14a86f09841f,RECEIVE,ACK,1,36,""
273.537,sender,e87f82c0-f61f-47e2-ab63-14a86f09841f,ACKNOWLEDGED,ACK,1,0,""
273.541,sender,e87f82c0-f61f-47e2-ab63-14a86f09841f,CONFIRM_DATA,ACK,1,1024,"unique file bytes acknowledged"
273.547,sender,e87f82c0-f61f-47e2-ab63-14a86f09841f,RTT_SAMPLE,ACK,1,0,"93.932000"
273.551,sender,e87f82c0-f61f-47e2-ab63-14a86f09841f,SEND,DATA,2,1060,""
337.211,sender,e87f82c0-f61f-47e2-ab63-14a86f09841f,EMIT,DATA,2,1060,""
383.388,sender,e87f82c0-f61f-47e2-ab63-14a86f09841f,RECEIVE,ACK,2,36,""
383.399,sender,e87f82c0-f61f-47e2-ab63-14a86f09841f,ACKNOWLEDGED,ACK,2,0,""
383.403,sender,e87f82c0-f61f-47e2-ab63-14a86f09841f,CONFIRM_DATA,ACK,2,1024,"unique file bytes acknowledged"
383.413,sender,e87f82c0-f61f-47e2-ab63-14a86f09841f,RTT_SAMPLE,ACK,2,0,"109.860200"
383.417,sender,e87f82c0-f61f-47e2-ab63-14a86f09841f,SEND,DATA,3,1060,""
431.277,sender,e87f82c0-f61f-47e2-ab63-14a86f09841f,EMIT,DATA,3,1060,""
462.390,sender,e87f82c0-f61f-47e2-ab63-14a86f09841f,RECEIVE,ACK,3,36,""
462.404,sender,e87f82c0-f61f-47e2-ab63-14a86f09841f,ACKNOWLEDGED,ACK,3,0,""
462.409,sender,e87f82c0-f61f-47e2-ab63-14a86f09841f,CONFIRM_DATA,ACK,3,1024,"unique file bytes acknowledged"
462.415,sender,e87f82c0-f61f-47e2-ab63-14a86f09841f,RTT_SAMPLE,ACK,3,0,"78.996600"
462.421,sender,e87f82c0-f61f-47e2-ab63-14a86f09841f,SEND,DATA,4,1060,""
510.169,sender,e87f82c0-f61f-47e2-ab63-14a86f09841f,EMIT,DATA,4,1060,""
573.737,sender,e87f82c0-f61f-47e2-ab63-14a86f09841f,RECEIVE,ACK,4,36,""
573.750,sender,e87f82c0-f61f-47e2-ab63-14a86f09841f,ACKNOWLEDGED,ACK,4,0,""
573.754,sender,e87f82c0-f61f-47e2-ab63-14a86f09841f,CONFIRM_DATA,ACK,4,1024,"unique file bytes acknowledged"
573.759,sender,e87f82c0-f61f-47e2-ab63-14a86f09841f,RTT_SAMPLE,ACK,4,0,"111.337100"
573.764,sender,e87f82c0-f61f-47e2-ab63-14a86f09841f,SEND,DATA,5,1060,""
620.833,sender,e87f82c0-f61f-47e2-ab63-14a86f09841f,EMIT,DATA,5,1060,""
683.203,sender,e87f82c0-f61f-47e2-ab63-14a86f09841f,RECEIVE,ACK,5,36,""
683.222,sender,e87f82c0-f61f-47e2-ab63-14a86f09841f,ACKNOWLEDGED,ACK,5,0,""
683.226,sender,e87f82c0-f61f-47e2-ab63-14a86f09841f,CONFIRM_DATA,ACK,5,1024,"unique file bytes acknowledged"
683.231,sender,e87f82c0-f61f-47e2-ab63-14a86f09841f,RTT_SAMPLE,ACK,5,0,"109.466600"
683.236,sender,e87f82c0-f61f-47e2-ab63-14a86f09841f,SEND,DATA,6,1060,""
745.397,sender,e87f82c0-f61f-47e2-ab63-14a86f09841f,EMIT,DATA,6,1060,""
808.751,sender,e87f82c0-f61f-47e2-ab63-14a86f09841f,RECEIVE,ACK,6,36,""
808.760,sender,e87f82c0-f61f-47e2-ab63-14a86f09841f,ACKNOWLEDGED,ACK,6,0,""
808.763,sender,e87f82c0-f61f-47e2-ab63-14a86f09841f,CONFIRM_DATA,ACK,6,1024,"unique file bytes acknowledged"
808.767,sender,e87f82c0-f61f-47e2-ab63-14a86f09841f,RTT_SAMPLE,ACK,6,0,"125.529800"
808.770,sender,e87f82c0-f61f-47e2-ab63-14a86f09841f,SEND,DATA,7,1060,""
854.505,sender,e87f82c0-f61f-47e2-ab63-14a86f09841f,EMIT,DATA,7,1060,""
901.823,sender,e87f82c0-f61f-47e2-ab63-14a86f09841f,RECEIVE,ACK,7,36,""
901.835,sender,e87f82c0-f61f-47e2-ab63-14a86f09841f,ACKNOWLEDGED,ACK,7,0,""
901.839,sender,e87f82c0-f61f-47e2-ab63-14a86f09841f,CONFIRM_DATA,ACK,7,1024,"unique file bytes acknowledged"
901.844,sender,e87f82c0-f61f-47e2-ab63-14a86f09841f,RTT_SAMPLE,ACK,7,0,"93.072400"
901.848,sender,e87f82c0-f61f-47e2-ab63-14a86f09841f,SEND,DATA,8,1060,""
933.736,sender,e87f82c0-f61f-47e2-ab63-14a86f09841f,EMIT,DATA,8,1060,""
980.727,sender,e87f82c0-f61f-47e2-ab63-14a86f09841f,RECEIVE,ACK,8,36,""
980.743,sender,e87f82c0-f61f-47e2-ab63-14a86f09841f,ACKNOWLEDGED,ACK,8,0,""
980.747,sender,e87f82c0-f61f-47e2-ab63-14a86f09841f,CONFIRM_DATA,ACK,8,1024,"unique file bytes acknowledged"
980.754,sender,e87f82c0-f61f-47e2-ab63-14a86f09841f,RTT_SAMPLE,ACK,8,0,"78.903500"
980.759,sender,e87f82c0-f61f-47e2-ab63-14a86f09841f,SEND,DATA,9,1060,""
1028.004,sender,e87f82c0-f61f-47e2-ab63-14a86f09841f,EMIT,DATA,9,1060,""
1075.506,sender,e87f82c0-f61f-47e2-ab63-14a86f09841f,RECEIVE,ACK,9,36,""
1075.520,sender,e87f82c0-f61f-47e2-ab63-14a86f09841f,ACKNOWLEDGED,ACK,9,0,""
1075.524,sender,e87f82c0-f61f-47e2-ab63-14a86f09841f,CONFIRM_DATA,ACK,9,1024,"unique file bytes acknowledged"
1075.529,sender,e87f82c0-f61f-47e2-ab63-14a86f09841f,RTT_SAMPLE,ACK,9,0,"94.768900"
1075.534,sender,e87f82c0-f61f-47e2-ab63-14a86f09841f,SEND,DATA,10,1060,""
1123.722,sender,e87f82c0-f61f-47e2-ab63-14a86f09841f,EMIT,DATA,10,1060,""
1155.524,sender,e87f82c0-f61f-47e2-ab63-14a86f09841f,RECEIVE,ACK,10,36,""
1155.533,sender,e87f82c0-f61f-47e2-ab63-14a86f09841f,ACKNOWLEDGED,ACK,10,0,""
1155.536,sender,e87f82c0-f61f-47e2-ab63-14a86f09841f,CONFIRM_DATA,ACK,10,1024,"unique file bytes acknowledged"
1155.540,sender,e87f82c0-f61f-47e2-ab63-14a86f09841f,RTT_SAMPLE,ACK,10,0,"80.005500"
1155.544,sender,e87f82c0-f61f-47e2-ab63-14a86f09841f,SEND,DATA,11,1060,""
1203.025,sender,e87f82c0-f61f-47e2-ab63-14a86f09841f,EMIT,DATA,11,1060,""
1249.624,sender,e87f82c0-f61f-47e2-ab63-14a86f09841f,RECEIVE,ACK,11,36,""
1249.642,sender,e87f82c0-f61f-47e2-ab63-14a86f09841f,ACKNOWLEDGED,ACK,11,0,""
1249.646,sender,e87f82c0-f61f-47e2-ab63-14a86f09841f,CONFIRM_DATA,ACK,11,1024,"unique file bytes acknowledged"
1249.651,sender,e87f82c0-f61f-47e2-ab63-14a86f09841f,RTT_SAMPLE,ACK,11,0,"94.105500"
1249.655,sender,e87f82c0-f61f-47e2-ab63-14a86f09841f,SEND,DATA,12,1060,""
1295.971,sender,e87f82c0-f61f-47e2-ab63-14a86f09841f,EMIT,DATA,12,1060,""
1358.408,sender,e87f82c0-f61f-47e2-ab63-14a86f09841f,RECEIVE,ACK,12,36,""
1358.418,sender,e87f82c0-f61f-47e2-ab63-14a86f09841f,ACKNOWLEDGED,ACK,12,0,""
1358.421,sender,e87f82c0-f61f-47e2-ab63-14a86f09841f,CONFIRM_DATA,ACK,12,1024,"unique file bytes acknowledged"
1358.425,sender,e87f82c0-f61f-47e2-ab63-14a86f09841f,RTT_SAMPLE,ACK,12,0,"108.768900"
1358.428,sender,e87f82c0-f61f-47e2-ab63-14a86f09841f,SEND,DATA,13,1060,""
1404.887,sender,e87f82c0-f61f-47e2-ab63-14a86f09841f,EMIT,DATA,13,1060,""
1436.266,sender,e87f82c0-f61f-47e2-ab63-14a86f09841f,RECEIVE,ACK,13,36,""
1436.315,sender,e87f82c0-f61f-47e2-ab63-14a86f09841f,ACKNOWLEDGED,ACK,13,0,""
1436.332,sender,e87f82c0-f61f-47e2-ab63-14a86f09841f,CONFIRM_DATA,ACK,13,1024,"unique file bytes acknowledged"
1436.353,sender,e87f82c0-f61f-47e2-ab63-14a86f09841f,RTT_SAMPLE,ACK,13,0,"77.919300"
1436.372,sender,e87f82c0-f61f-47e2-ab63-14a86f09841f,SEND,DATA,14,1060,""
1496.838,sender,e87f82c0-f61f-47e2-ab63-14a86f09841f,EMIT,DATA,14,1060,""
1542.948,sender,e87f82c0-f61f-47e2-ab63-14a86f09841f,RECEIVE,ACK,14,36,""
1542.959,sender,e87f82c0-f61f-47e2-ab63-14a86f09841f,ACKNOWLEDGED,ACK,14,0,""
1542.963,sender,e87f82c0-f61f-47e2-ab63-14a86f09841f,CONFIRM_DATA,ACK,14,1024,"unique file bytes acknowledged"
1542.968,sender,e87f82c0-f61f-47e2-ab63-14a86f09841f,RTT_SAMPLE,ACK,14,0,"106.596300"
1542.984,sender,e87f82c0-f61f-47e2-ab63-14a86f09841f,SEND,DATA,15,1060,""
1588.477,sender,e87f82c0-f61f-47e2-ab63-14a86f09841f,EMIT,DATA,15,1060,""
1634.018,sender,e87f82c0-f61f-47e2-ab63-14a86f09841f,RECEIVE,ACK,15,36,""
1634.042,sender,e87f82c0-f61f-47e2-ab63-14a86f09841f,ACKNOWLEDGED,ACK,15,0,""
1634.045,sender,e87f82c0-f61f-47e2-ab63-14a86f09841f,CONFIRM_DATA,ACK,15,1024,"unique file bytes acknowledged"
1634.054,sender,e87f82c0-f61f-47e2-ab63-14a86f09841f,RTT_SAMPLE,ACK,15,0,"91.068600"
1634.058,sender,e87f82c0-f61f-47e2-ab63-14a86f09841f,SEND,DATA,16,1060,""
1681.480,sender,e87f82c0-f61f-47e2-ab63-14a86f09841f,EMIT,DATA,16,1060,""
1713.026,sender,e87f82c0-f61f-47e2-ab63-14a86f09841f,RECEIVE,ACK,16,36,""
1713.038,sender,e87f82c0-f61f-47e2-ab63-14a86f09841f,ACKNOWLEDGED,ACK,16,0,""
1713.042,sender,e87f82c0-f61f-47e2-ab63-14a86f09841f,CONFIRM_DATA,ACK,16,1024,"unique file bytes acknowledged"
1713.052,sender,e87f82c0-f61f-47e2-ab63-14a86f09841f,RTT_SAMPLE,ACK,16,0,"78.993300"
1713.058,sender,e87f82c0-f61f-47e2-ab63-14a86f09841f,SEND,DATA,17,1060,""
1775.130,sender,e87f82c0-f61f-47e2-ab63-14a86f09841f,EMIT,DATA,17,1060,""
1822.842,sender,e87f82c0-f61f-47e2-ab63-14a86f09841f,RECEIVE,ACK,17,36,""
1822.853,sender,e87f82c0-f61f-47e2-ab63-14a86f09841f,ACKNOWLEDGED,ACK,17,0,""
1822.857,sender,e87f82c0-f61f-47e2-ab63-14a86f09841f,CONFIRM_DATA,ACK,17,1024,"unique file bytes acknowledged"
1822.862,sender,e87f82c0-f61f-47e2-ab63-14a86f09841f,RTT_SAMPLE,ACK,17,0,"109.803500"
1822.866,sender,e87f82c0-f61f-47e2-ab63-14a86f09841f,SEND,DATA,18,1060,""
1869.700,sender,e87f82c0-f61f-47e2-ab63-14a86f09841f,EMIT,DATA,18,1060,""
1916.830,sender,e87f82c0-f61f-47e2-ab63-14a86f09841f,RECEIVE,ACK,18,36,""
1916.840,sender,e87f82c0-f61f-47e2-ab63-14a86f09841f,ACKNOWLEDGED,ACK,18,0,""
1916.856,sender,e87f82c0-f61f-47e2-ab63-14a86f09841f,CONFIRM_DATA,ACK,18,1024,"unique file bytes acknowledged"
1916.860,sender,e87f82c0-f61f-47e2-ab63-14a86f09841f,RTT_SAMPLE,ACK,18,0,"93.992900"
1916.864,sender,e87f82c0-f61f-47e2-ab63-14a86f09841f,SEND,DATA,19,1060,""
1948.541,sender,e87f82c0-f61f-47e2-ab63-14a86f09841f,EMIT,DATA,19,1060,""
1979.760,sender,e87f82c0-f61f-47e2-ab63-14a86f09841f,RECEIVE,ACK,19,36,""
1979.772,sender,e87f82c0-f61f-47e2-ab63-14a86f09841f,ACKNOWLEDGED,ACK,19,0,""
1979.776,sender,e87f82c0-f61f-47e2-ab63-14a86f09841f,CONFIRM_DATA,ACK,19,1024,"unique file bytes acknowledged"
1979.781,sender,e87f82c0-f61f-47e2-ab63-14a86f09841f,RTT_SAMPLE,ACK,19,0,"62.915100"
1979.785,sender,e87f82c0-f61f-47e2-ab63-14a86f09841f,SEND,DATA,20,1060,""
2026.701,sender,e87f82c0-f61f-47e2-ab63-14a86f09841f,EMIT,DATA,20,1060,""
2058.274,sender,e87f82c0-f61f-47e2-ab63-14a86f09841f,RECEIVE,ACK,20,36,""
2058.284,sender,e87f82c0-f61f-47e2-ab63-14a86f09841f,ACKNOWLEDGED,ACK,20,0,""
2058.287,sender,e87f82c0-f61f-47e2-ab63-14a86f09841f,CONFIRM_DATA,ACK,20,1024,"unique file bytes acknowledged"
2058.292,sender,e87f82c0-f61f-47e2-ab63-14a86f09841f,RTT_SAMPLE,ACK,20,0,"78.506000"
2058.296,sender,e87f82c0-f61f-47e2-ab63-14a86f09841f,SEND,DATA,21,1060,""
2090.424,sender,e87f82c0-f61f-47e2-ab63-14a86f09841f,EMIT,DATA,21,1060,""
2137.480,sender,e87f82c0-f61f-47e2-ab63-14a86f09841f,RECEIVE,ACK,21,36,""
2137.493,sender,e87f82c0-f61f-47e2-ab63-14a86f09841f,ACKNOWLEDGED,ACK,21,0,""
2137.497,sender,e87f82c0-f61f-47e2-ab63-14a86f09841f,CONFIRM_DATA,ACK,21,1024,"unique file bytes acknowledged"
2137.503,sender,e87f82c0-f61f-47e2-ab63-14a86f09841f,RTT_SAMPLE,ACK,21,0,"79.206000"
2137.509,sender,e87f82c0-f61f-47e2-ab63-14a86f09841f,SEND,DATA,22,1060,""
2200.074,sender,e87f82c0-f61f-47e2-ab63-14a86f09841f,EMIT,DATA,22,1060,""
2263.048,sender,e87f82c0-f61f-47e2-ab63-14a86f09841f,RECEIVE,ACK,22,36,""
2263.076,sender,e87f82c0-f61f-47e2-ab63-14a86f09841f,ACKNOWLEDGED,ACK,22,0,""
2263.085,sender,e87f82c0-f61f-47e2-ab63-14a86f09841f,CONFIRM_DATA,ACK,22,1024,"unique file bytes acknowledged"
2263.103,sender,e87f82c0-f61f-47e2-ab63-14a86f09841f,RTT_SAMPLE,ACK,22,0,"125.591600"
2263.126,sender,e87f82c0-f61f-47e2-ab63-14a86f09841f,SEND,DATA,23,1060,""
2310.639,sender,e87f82c0-f61f-47e2-ab63-14a86f09841f,EMIT,DATA,23,1060,""
2358.097,sender,e87f82c0-f61f-47e2-ab63-14a86f09841f,RECEIVE,ACK,23,36,""
2358.131,sender,e87f82c0-f61f-47e2-ab63-14a86f09841f,ACKNOWLEDGED,ACK,23,0,""
2358.137,sender,e87f82c0-f61f-47e2-ab63-14a86f09841f,CONFIRM_DATA,ACK,23,1024,"unique file bytes acknowledged"
2358.146,sender,e87f82c0-f61f-47e2-ab63-14a86f09841f,RTT_SAMPLE,ACK,23,0,"95.019100"
2358.154,sender,e87f82c0-f61f-47e2-ab63-14a86f09841f,SEND,DATA,24,1060,""
2390.222,sender,e87f82c0-f61f-47e2-ab63-14a86f09841f,EMIT,DATA,24,1060,""
2437.267,sender,e87f82c0-f61f-47e2-ab63-14a86f09841f,RECEIVE,ACK,24,36,""
2437.289,sender,e87f82c0-f61f-47e2-ab63-14a86f09841f,ACKNOWLEDGED,ACK,24,0,""
2437.295,sender,e87f82c0-f61f-47e2-ab63-14a86f09841f,CONFIRM_DATA,ACK,24,1024,"unique file bytes acknowledged"
2437.304,sender,e87f82c0-f61f-47e2-ab63-14a86f09841f,RTT_SAMPLE,ACK,24,0,"79.147300"
2437.311,sender,e87f82c0-f61f-47e2-ab63-14a86f09841f,SEND,DATA,25,1060,""
2483.980,sender,e87f82c0-f61f-47e2-ab63-14a86f09841f,EMIT,DATA,25,1060,""
2531.265,sender,e87f82c0-f61f-47e2-ab63-14a86f09841f,RECEIVE,ACK,25,36,""
2531.282,sender,e87f82c0-f61f-47e2-ab63-14a86f09841f,ACKNOWLEDGED,ACK,25,0,""
2531.286,sender,e87f82c0-f61f-47e2-ab63-14a86f09841f,CONFIRM_DATA,ACK,25,1024,"unique file bytes acknowledged"
2531.295,sender,e87f82c0-f61f-47e2-ab63-14a86f09841f,RTT_SAMPLE,ACK,25,0,"93.983700"
2531.299,sender,e87f82c0-f61f-47e2-ab63-14a86f09841f,SEND,DATA,26,1060,""
2577.584,sender,e87f82c0-f61f-47e2-ab63-14a86f09841f,EMIT,DATA,26,1060,""
2625.842,sender,e87f82c0-f61f-47e2-ab63-14a86f09841f,RECEIVE,ACK,26,36,""
2625.868,sender,e87f82c0-f61f-47e2-ab63-14a86f09841f,ACKNOWLEDGED,ACK,26,0,""
2625.879,sender,e87f82c0-f61f-47e2-ab63-14a86f09841f,CONFIRM_DATA,ACK,26,1024,"unique file bytes acknowledged"
2625.892,sender,e87f82c0-f61f-47e2-ab63-14a86f09841f,RTT_SAMPLE,ACK,26,0,"94.589400"
2625.903,sender,e87f82c0-f61f-47e2-ab63-14a86f09841f,SEND,DATA,27,1060,""
2672.978,sender,e87f82c0-f61f-47e2-ab63-14a86f09841f,EMIT,DATA,27,1060,""
2720.215,sender,e87f82c0-f61f-47e2-ab63-14a86f09841f,RECEIVE,ACK,27,36,""
2720.227,sender,e87f82c0-f61f-47e2-ab63-14a86f09841f,ACKNOWLEDGED,ACK,27,0,""
2720.234,sender,e87f82c0-f61f-47e2-ab63-14a86f09841f,CONFIRM_DATA,ACK,27,1024,"unique file bytes acknowledged"
2720.240,sender,e87f82c0-f61f-47e2-ab63-14a86f09841f,RTT_SAMPLE,ACK,27,0,"94.336200"
2720.245,sender,e87f82c0-f61f-47e2-ab63-14a86f09841f,SEND,DATA,28,1060,""
2751.629,sender,e87f82c0-f61f-47e2-ab63-14a86f09841f,EMIT,DATA,28,1060,""
2782.495,sender,e87f82c0-f61f-47e2-ab63-14a86f09841f,RECEIVE,ACK,28,36,""
2782.514,sender,e87f82c0-f61f-47e2-ab63-14a86f09841f,ACKNOWLEDGED,ACK,28,0,""
2782.518,sender,e87f82c0-f61f-47e2-ab63-14a86f09841f,CONFIRM_DATA,ACK,28,1024,"unique file bytes acknowledged"
2782.523,sender,e87f82c0-f61f-47e2-ab63-14a86f09841f,RTT_SAMPLE,ACK,28,0,"62.277000"
2782.528,sender,e87f82c0-f61f-47e2-ab63-14a86f09841f,SEND,DATA,29,1060,""
2846.565,sender,e87f82c0-f61f-47e2-ab63-14a86f09841f,EMIT,DATA,29,1060,""
2893.951,sender,e87f82c0-f61f-47e2-ab63-14a86f09841f,RECEIVE,ACK,29,36,""
2893.961,sender,e87f82c0-f61f-47e2-ab63-14a86f09841f,ACKNOWLEDGED,ACK,29,0,""
2893.965,sender,e87f82c0-f61f-47e2-ab63-14a86f09841f,CONFIRM_DATA,ACK,29,1024,"unique file bytes acknowledged"
2893.970,sender,e87f82c0-f61f-47e2-ab63-14a86f09841f,RTT_SAMPLE,ACK,29,0,"111.441500"
2893.974,sender,e87f82c0-f61f-47e2-ab63-14a86f09841f,SEND,DATA,30,1060,""
2940.949,sender,e87f82c0-f61f-47e2-ab63-14a86f09841f,EMIT,DATA,30,1060,""
2988.533,sender,e87f82c0-f61f-47e2-ab63-14a86f09841f,RECEIVE,ACK,30,36,""
2988.545,sender,e87f82c0-f61f-47e2-ab63-14a86f09841f,ACKNOWLEDGED,ACK,30,0,""
2988.549,sender,e87f82c0-f61f-47e2-ab63-14a86f09841f,CONFIRM_DATA,ACK,30,1024,"unique file bytes acknowledged"
2988.554,sender,e87f82c0-f61f-47e2-ab63-14a86f09841f,RTT_SAMPLE,ACK,30,0,"94.578800"
2988.559,sender,e87f82c0-f61f-47e2-ab63-14a86f09841f,SEND,DATA,31,1060,""
3020.011,sender,e87f82c0-f61f-47e2-ab63-14a86f09841f,EMIT,DATA,31,1060,""
3067.458,sender,e87f82c0-f61f-47e2-ab63-14a86f09841f,RECEIVE,ACK,31,36,""
3067.507,sender,e87f82c0-f61f-47e2-ab63-14a86f09841f,ACKNOWLEDGED,ACK,31,0,""
3067.510,sender,e87f82c0-f61f-47e2-ab63-14a86f09841f,CONFIRM_DATA,ACK,31,1024,"unique file bytes acknowledged"
3067.516,sender,e87f82c0-f61f-47e2-ab63-14a86f09841f,RTT_SAMPLE,ACK,31,0,"78.955700"
3067.791,sender,e87f82c0-f61f-47e2-ab63-14a86f09841f,SEND,FIN,-1,68,""
3114.604,sender,e87f82c0-f61f-47e2-ab63-14a86f09841f,EMIT,FIN,-1,68,""
3178.353,sender,e87f82c0-f61f-47e2-ab63-14a86f09841f,RECEIVE,DONE,-1,68,""
3178.364,sender,e87f82c0-f61f-47e2-ab63-14a86f09841f,ACKNOWLEDGED,DONE,-1,0,""
3178.545,sender,,STATE,UNKNOWN,-1,0,"COMPLETED"
